,KOI_inner,Period_inner,KOI_outer,Period_outer,Period Ratios
0,730.04,7.38445597,730.02,9.84821114,1.3336407150383482
2,730.01,14.78701236,730.03,19.72433675,1.3338960075096602
