,KOI_inner,Period_inner,KOI_outer,Period_outer,Period Ratios
6,520.03,25.75279012,520.04,51.16575644,1.9868043890228388
9,520.01,12.75933213,520.03,25.75279012,2.018349382053432
