KOI_inner,Period_inner,KOI_outer,Period_outer,Period Ratios,Nearest Period Ratio,delta,Period_ttv
82.05,5.28689,82.04,7.07134,1.33752,4:3,0.00314301,562.467
157.06,10.3040,157.01,13.0249,1.26406,5:4,0.0112484,231.588
157.02,22.6871,157.03,31.9955,1.41029,7:5,0.00735220,621.690
2038.01,8.30542,2038.02,12.5135,1.50666,3:2,0.00444079,939.283
2038.03,17.9133,2038.04,25.2149,1.40761,7:5,0.00543367,662.926
2433.04,27.9043,2433.03,56.4158,2.02176,2:1,0.0108816,2592.26
2722.03,4.02875,2722.01,6.12478,1.52027,3:2,0.0135120,151.095
3158.01,3.60013,3158.02,4.54586,1.26269,5:4,0.0101553,89.5267
