,KOI_inner,Period_inner,KOI_outer,Period_outer,Period Ratios
933,3029.02,6.34716885,3029.01,18.9763598,2.989736093124417
196,497.02,4.42535209,497.01,13.19321756,2.981280877020568
